1.14_combat-212796,1.14.3 - Combat Test
1.14_combat-0,Combat Test 2
1.14_combat-3,Combat Test 3
1.15_combat-1,Combat Test 4
1.15_combat-6,Combat Test 5
1.16_combat-0,Combat Test 6
1.16_combat-1,Combat Test 7
1.16_combat-2,Combat Test 7b
1.16_combat-3,Combat Test 7c
1.16_combat-4,Combat Test 8
1.16_combat-5,Combat Test 8b
1.16_combat-6,Combat Test 8c
1.18_experimental-snapshot-1,1.18 Experimental Snapshot 1,1.18 experimental snapshot 1
1.18_experimental-snapshot-2,1.18 Experimental Snapshot 2,1.18 experimental snapshot 2
1.18_experimental-snapshot-3,1.18 Experimental Snapshot 3,1.18 experimental snapshot 3
1.18_experimental-snapshot-4,1.18 Experimental Snapshot 4,1.18 experimental snapshot 4
1.18_experimental-snapshot-5,1.18 Experimental Snapshot 5,1.18 experimental snapshot 5
1.18_experimental-snapshot-6,1.18 Experimental Snapshot 6,1.18 experimental snapshot 6
1.18_experimental-snapshot-7,1.18 Experimental Snapshot 7,1.18 experimental snapshot 7
1.19_deep_dark_experimental_snapshot-1,Deep Dark Experimental Snapshot 1
2.0,2.0_red,2.0_blue,2.0_purple
20w14infinite,20w14~
22w13oneBlockAtATime,22w13oneblockatatime